{
    "metadata": {
        "timestamp": "2025-12-01T16:21:35.078855",
        "vidore_benchmark_version": "0.1.dev310+g8f7d8ee22.d20251201"
    },
    "metrics": {
        "/content/drive/MyDrive/datasets/ChemVQA_2K_smiles": {
            "ndcg_at_1": 0.00139,
            "ndcg_at_3": 0.00218,
            "ndcg_at_5": 0.00272,
            "ndcg_at_10": 0.00339,
            "ndcg_at_20": 0.0049,
            "ndcg_at_50": 0.00817,
            "ndcg_at_100": 0.01231,
            "map_at_1": 0.00139,
            "map_at_3": 0.00197,
            "map_at_5": 0.00225,
            "map_at_10": 0.00252,
            "map_at_20": 0.0029,
            "map_at_50": 0.00341,
            "map_at_100": 0.00376,
            "recall_at_1": 0.00139,
            "recall_at_3": 0.00278,
            "recall_at_5": 0.00418,
            "recall_at_10": 0.00626,
            "recall_at_20": 0.01253,
            "recall_at_50": 0.02923,
            "recall_at_100": 0.05498,
            "precision_at_1": 0.00139,
            "precision_at_3": 0.00093,
            "precision_at_5": 0.00084,
            "precision_at_10": 0.00063,
            "precision_at_20": 0.00063,
            "precision_at_50": 0.00058,
            "precision_at_100": 0.00055,
            "mrr_at_1": 0.0013917884481558804,
            "mrr_at_3": 0.001971700301554164,
            "mrr_at_5": 0.0022848527023892366,
            "mrr_at_10": 0.0024878218510786363,
            "mrr_at_20": 0.0029874947573067367,
            "mrr_at_50": 0.0035251191720844614,
            "mrr_at_100": 0.003885206271258912,
            "naucs_at_1_max": 0.013837934950943586,
            "naucs_at_1_std": 0.21110915788674103,
            "naucs_at_1_diff1": -0.13826878886252525,
            "naucs_at_3_max": 0.03642018451210797,
            "naucs_at_3_std": 0.21110915788674103,
            "naucs_at_3_diff1": -0.20025235927259613,
            "naucs_at_5_max": 0.00905275859682848,
            "naucs_at_5_std": 0.07384113258589876,
            "naucs_at_5_diff1": -0.00668916147755185,
            "naucs_at_10_max": 0.08641988598399125,
            "naucs_at_10_std": 0.1407962014156052,
            "naucs_at_10_diff1": 0.028251305275130974,
            "naucs_at_20_max": 0.026457537558776535,
            "naucs_at_20_std": 0.08886992926572615,
            "naucs_at_20_diff1": 0.03532460869547719,
            "naucs_at_50_max": 0.10060529606754824,
            "naucs_at_50_std": 0.010516161206254962,
            "naucs_at_50_diff1": 0.14063155794205953,
            "naucs_at_100_max": 0.03591288020425442,
            "naucs_at_100_std": -0.017340266502185238,
            "naucs_at_100_diff1": 0.0826280902762636
        }
    }
}