{
    "metadata": {
        "timestamp": "2025-11-15T09:12:20.444062",
        "vidore_benchmark_version": "0.1.dev304+g069470d9f"
    },
    "metrics": {
        "vidore/docvqa_test_subsampled": {
            "ndcg_at_1": 0.50333,
            "ndcg_at_3": 0.56728,
            "ndcg_at_5": 0.58722,
            "ndcg_at_10": 0.60039,
            "ndcg_at_20": 0.61323,
            "ndcg_at_50": 0.62351,
            "ndcg_at_100": 0.63239,
            "map_at_1": 0.50333,
            "map_at_3": 0.55248,
            "map_at_5": 0.56345,
            "map_at_10": 0.56904,
            "map_at_20": 0.57254,
            "map_at_50": 0.57426,
            "map_at_100": 0.57501,
            "recall_at_1": 0.50333,
            "recall_at_3": 0.60976,
            "recall_at_5": 0.65854,
            "recall_at_10": 0.69845,
            "recall_at_20": 0.74945,
            "recall_at_50": 0.80044,
            "recall_at_100": 0.85588,
            "precision_at_1": 0.50333,
            "precision_at_3": 0.20325,
            "precision_at_5": 0.13171,
            "precision_at_10": 0.06984,
            "precision_at_20": 0.03747,
            "precision_at_50": 0.01601,
            "precision_at_100": 0.00856,
            "mrr_at_1": 0.49889135254988914,
            "mrr_at_3": 0.5484109386548411,
            "mrr_at_5": 0.5587213599408721,
            "mrr_at_10": 0.565082004716151,
            "mrr_at_20": 0.5679800848067273,
            "mrr_at_50": 0.5698102045594824,
            "mrr_at_100": 0.570391515489407,
            "naucs_at_1_max": -0.2646949692223947,
            "naucs_at_1_std": 0.7528705036801856,
            "naucs_at_1_diff1": 0.8812621780488221,
            "naucs_at_3_max": -0.39215003496849626,
            "naucs_at_3_std": 0.8291628952233497,
            "naucs_at_3_diff1": 0.8390860586808991,
            "naucs_at_5_max": -0.5013167652117086,
            "naucs_at_5_std": 0.8624369554920691,
            "naucs_at_5_diff1": 0.8489580934875006,
            "naucs_at_10_max": -0.5525568809330971,
            "naucs_at_10_std": 0.8872694549048018,
            "naucs_at_10_diff1": 0.8598183986711775,
            "naucs_at_20_max": -0.6136770088623977,
            "naucs_at_20_std": 0.9056710510310592,
            "naucs_at_20_diff1": 0.8656264369237758,
            "naucs_at_50_max": -0.6227000586947892,
            "naucs_at_50_std": 0.8772154232795449,
            "naucs_at_50_diff1": 0.8442013902476844,
            "naucs_at_100_max": -0.7074253837742246,
            "naucs_at_100_std": 0.8743292945679609,
            "naucs_at_100_diff1": 0.8383356946788431
        }
    }
}