{
    "metadata": {
        "timestamp": "2025-11-15T09:52:10.987751",
        "vidore_benchmark_version": "0.1.dev304+g069470d9f"
    },
    "metrics": {
        "vidore/arxivqa_test_subsampled_beir": {
            "ndcg_at_1": 0.788,
            "ndcg_at_3": 0.82045,
            "ndcg_at_5": 0.83439,
            "ndcg_at_10": 0.84814,
            "ndcg_at_20": 0.85695,
            "ndcg_at_50": 0.86225,
            "ndcg_at_100": 0.86457,
            "map_at_1": 0.788,
            "map_at_3": 0.81233,
            "map_at_5": 0.82003,
            "map_at_10": 0.82581,
            "map_at_20": 0.82833,
            "map_at_50": 0.82924,
            "map_at_100": 0.82946,
            "recall_at_1": 0.788,
            "recall_at_3": 0.844,
            "recall_at_5": 0.878,
            "recall_at_10": 0.92,
            "recall_at_20": 0.954,
            "recall_at_50": 0.98,
            "recall_at_100": 0.994,
            "precision_at_1": 0.788,
            "precision_at_3": 0.28133,
            "precision_at_5": 0.1756,
            "precision_at_10": 0.092,
            "precision_at_20": 0.0477,
            "precision_at_50": 0.0196,
            "precision_at_100": 0.00994,
            "mrr_at_1": 0.782,
            "mrr_at_3": 0.808,
            "mrr_at_5": 0.815,
            "mrr_at_10": 0.8216960317460318,
            "mrr_at_20": 0.8244762096950177,
            "mrr_at_50": 0.8253624049995362,
            "mrr_at_100": 0.8255403501022487,
            "naucs_at_1_max": 0.6517027715985138,
            "naucs_at_1_std": -0.0005823889403387399,
            "naucs_at_1_diff1": 0.9023543788965163,
            "naucs_at_3_max": 0.7129041171594381,
            "naucs_at_3_std": 0.03322741088698747,
            "naucs_at_3_diff1": 0.9022206033811461,
            "naucs_at_5_max": 0.6714505180981638,
            "naucs_at_5_std": 0.05217820695708949,
            "naucs_at_5_diff1": 0.8961452242479342,
            "naucs_at_10_max": 0.7630952380952398,
            "naucs_at_10_std": 0.0979108309990668,
            "naucs_at_10_diff1": 0.8823529411764711,
            "naucs_at_20_max": 0.7730889457232156,
            "naucs_at_20_std": 0.30292696788859697,
            "naucs_at_20_diff1": 0.8891730605285564,
            "naucs_at_50_max": 0.8188608776843935,
            "naucs_at_50_std": 0.7796451914098917,
            "naucs_at_50_diff1": 0.9068627450980301,
            "naucs_at_100_max": 0.6374105197634398,
            "naucs_at_100_std": 0.6591970121381745,
            "naucs_at_100_diff1": 0.9128540305010608
        }
    }
}